cbcvb,player@gmail.com,1565558494
Player test,,1564488494
player ,,9638547123
playe ,,1234567890
Kamal Gujarati,,9638527128
player player,test@gmail.com ,1234568245
player player,,1234567777
player ,,1234567990
player player,,650717225
player player,,761916003
player player,,650717245
player player,,1234667890
player player,,1234689790
player player,,8754545464
player ,,650717623
player ,,650717625
player player,,8882428542
player player,,8952557155
player player,,5342431313
player player,,5312457555
player player,,9638527413
player player,,3636363636
Komal Not nice,,3669258741
player player,komal@gmail.com,985212855
player2 player,,9632587412
player1 player5,,1234567893
player32 players,,1234567921
player2y gg player b tr,,
