id,Name,email,phone
127,"Komal Dhiman",testing@mailinator.com,
130,"test test",club@gmail.com,
131,"shavi test",shavi@test.com,
137,"club club",club@club.com,
138,"sdfsd fsdf",club@c.c,
139,"test test",rtyrty@test.com,
141,"test test",shavi.rishi@brihaspatitech.com,
142,"Club Admin",clubadmin@mailinator.com,
143,"Komal club Admin",komal.dhiman@brihaspatitech.com,
147,"11 ","Club  1 club   1",club@gmail.com
148,"41 ","Komal Dhiman",gwjd@gnail.com
149,"47 ","test test",test@g.com
150,"53 ","test Dhiman",fgh@test.com
